14.2990479,3.109782257,-2.906731476,13.35445346,-0.104467713,-3.185446427,-3.639116135,9.380013896,-6.722393695,-2.972420682,-3.425251633,-4.297463088,-4.308496718,0.595024691,-1.967109661,-3.029925679,3.493459153,6.689193359,-10.2665127,0.732643682
14.05573961,3.264409233,-2.450553535,13.13062594,-0.409406795,-2.906206724,-3.483576048,9.88824853,-7.726311327,-2.928148422,-3.489872749,-4.971212409,-4.79809652,0.764214981,-2.434808869,-3.223861661,3.280367709,6.512369018,-10.62655333,0.559382798
13.85462351,3.275228403,-2.433421504,13.10544463,-0.503414468,-2.70185908,-3.293348782,10.16475488,-8.085434628,-3.35624918,-3.587968197,-5.089069714,-4.952313058,0.813859092,-2.861783421,-3.365549778,3.445122228,6.695459766,-10.63899948,0.340049886
13.71568958,3.393896116,-2.582412339,13.31383334,-0.456828942,-2.640801657,-3.369430831,10.40238973,-7.913523213,-3.726945555,-3.947161791,-4.753287205,-4.964168484,0.681400493,-2.707640891,-3.400035947,4.00594163,6.772442046,-10.53835197,0.308801014
13.66169316,3.7493942,-2.730039193,13.49676975,-0.28515183,-2.735218509,-3.665102096,10.48859977,-7.687010317,-3.736237196,-4.350071722,-4.468526752,-5.012717088,0.454732136,-2.124308426,-3.415906882,4.712879126,6.499428541,-10.43669151,0.406303995
13.69958147,4.208463871,-2.857803212,13.50276312,-0.093047589,-2.906043277,-3.939977271,10.36822914,-7.618137828,-3.636726378,-4.608823244,-4.308720279,-5.079226302,0.313581382,-1.561458123,-3.513831746,5.21475409,6.009993618,-10.39744388,0.44431684
13.79037296,4.61424784,-2.981289999,13.40230208,-0.02714941,-2.978350559,-4.087573167,10.1613534,-7.607168877,-3.617582821,-4.660488685,-4.170598654,-5.109344435,0.224989678,-1.151908075,-3.654196106,5.3543773,5.54912506,-10.41865729,0.461692823
13.90732677,4.894759988,-3.163597309,13.21121539,-0.147019973,-2.846921749,-4.158937589,9.911668803,-7.506594401,-3.621547033,-4.577268243,-4.025816369,-5.044473007,0.14549531,-0.866278267,-3.78812695,5.182442605,5.237833977,-10.48014631,0.531156432
14.01228201,5.029982717,-3.426391403,12.88844434,-0.44776826,-2.523841686,-4.234982767,9.589866301,-7.205067855,-3.56695792,-4.458128255,-3.908307356,-4.864319526,0.134983533,-0.683631932,-3.900314632,4.834487798,5.116067171,-10.60672281,0.650421548
14.06793403,5.010135835,-3.717321167,12.52698716,-0.862601604,-2.166308577,-4.391124128,9.275615706,-6.667952728,-3.485481125,-4.332409072,-3.861328334,-4.666123697,0.29017595,-0.577481726,-3.951482934,4.547799155,5.18647785,-10.81275903,0.845099592
14.07817076,4.852910875,-3.904813508,12.39111442,-1.236748933,-2.000760921,-4.675846162,9.217842541,-6.09527336,-3.48764019,-4.178473236,-3.887423921,-4.659652243,0.574692047,-0.493509037,-3.860769997,4.571713231,5.372230032,-10.97601143,1.201377472
14.18869191,4.722331645,-3.955077597,12.51882273,-1.53959803,-1.961366367,-5.040640586,9.412023173,-5.825521464,-3.495724626,-3.967237453,-3.929582826,-4.731419285,0.745922985,-0.397777613,-3.64568828,4.699302284,5.618341818,-10.90224601,1.583526409
14.50718891,4.752913624,-3.960143268,12.66217052,-1.894183371,-1.79540736,-5.328607342,9.578785573,-5.902405397,-3.264537495,-3.550762891,-3.963169952,-4.520088366,0.733601848,-0.33424536,-3.391782159,4.442038399,5.880723939,-10.8004972,1.617391099
14.97882103,4.888646672,-3.895141072,12.5380876,-2.198328369,-1.619307806,-5.281900724,9.737033624,-6.213542665,-2.735668627,-2.837878699,-4.073145568,-4.092749222,0.66648287,-0.494439451,-3.047044024,3.828759125,5.857768362,-10.93597174,1.250810075
15.52079363,5.079894472,-3.807080945,12.12396345,-2.183064798,-1.704647654,-4.915157762,9.82553161,-6.666969334,-2.406698698,-2.220080047,-4.224388399,-3.803163294,0.825097507,-0.964669481,-2.74724237,3.343144431,5.623086692,-10.94842324,0.718024164
16.02948737,5.06820572,-3.832961163,11.80889078,-2.124904389,-1.820262837,-4.594976687,9.602553977,-6.971900106,-2.809004182,-1.952001498,-4.324581036,-3.754741885,1.284862718,-1.206464182,-3.100708518,2.978731155,5.850165569,-10.87617996,0.167940491
16.52151548,4.696728634,-3.538693032,11.75586513,-2.34972702,-2.1774838,-4.467303679,9.645702395,-6.952262465,-3.651550341,-1.955970361,-3.944860766,-3.954515609,1.456338368,-1.212701458,-3.726468798,2.94939947,5.971784493,-11.45615006,0.103780608
17.11527366,4.463644007,-3.572346086,11.6943343,-2.432774291,-2.526111564,-4.40363064,9.706897844,-6.633287638,-4.30380361,-2.36312362,-3.500180829,-4.098835274,1.330034289,-1.424900977,-3.871530424,3.450822861,5.807484446,-11.92383491,0.513752563
17.61927916,4.378042933,-3.912593656,11.88130291,-2.57249436,-2.342874016,-4.339550513,9.287106965,-6.191010205,-4.543962471,-2.725052417,-3.675319987,-4.096150355,0.961380203,-1.606444121,-4.307524137,3.467946086,5.764172659,-11.98438153,1.016055968
17.97463177,4.382069648,-3.487704471,12.19516355,-2.522593948,-2.385365618,-3.971324782,8.969293247,-6.015000063,-4.416532085,-2.769766344,-3.823347372,-3.807322018,0.71280057,-2.002463714,-4.6419503,4.115158234,5.317666141,-12.46234048,0.820130974
17.98656047,4.394357942,-3.804393252,12.57260203,-2.363052022,-2.667278685,-3.774420134,9.089213288,-6.148163795,-4.002810659,-2.690864341,-4.331892017,-3.88221317,0.105430907,-2.61783901,-4.874278176,4.220037121,5.420420188,-12.569107,0.663982414
17.89200279,4.449987835,-4.425326621,13.05694983,-1.845465906,-3.094568441,-3.9311932,9.165709021,-6.052018281,-3.661555395,-2.4857658,-3.841469352,-3.834911334,0.014981306,-2.605146826,-4.584221368,4.273724694,5.977582898,-12.81203219,0.703955383
17.01706815,4.551028413,-4.834120872,13.8989118,-1.805934493,-3.184734048,-3.970846923,9.24378351,-5.421845953,-4.000255877,-2.883586132,-3.369813482,-3.835168534,-0.38409284,-1.945990685,-4.689511484,4.051404714,6.561681426,-11.96796731,1.476397024
16.35288477,4.61929488,-4.705673757,14.56283082,-1.633674814,-3.003647869,-3.865116364,8.918080648,-5.053921821,-4.031852954,-3.101079335,-3.019618996,-4.100292578,-0.75736828,-1.748673383,-4.448330976,4.395278655,6.674582481,-11.30040624,1.299772302
15.77463533,4.719624954,-4.809332669,14.34625918,-1.927298674,-2.754549208,-4.193709544,8.590671026,-5.051263718,-3.943857029,-3.141407343,-2.889947096,-4.267166643,-0.530458313,-1.833448477,-4.34708528,4.024875052,6.43924558,-11.31542656,0.726409326
15.27276403,4.703647293,-4.858062792,14.27249049,-2.028978177,-2.952743074,-4.436208286,9.049301336,-5.045579687,-4.100283088,-2.929744502,-3.065293331,-4.89648514,-0.235870959,-1.971389032,-3.949094974,3.950516012,5.986964338,-11.08944236,0.340342914
15.28921104,4.795591236,-4.824277761,14.52040734,-1.860600932,-3.330357474,-4.589974573,9.140275955,-5.385825117,-3.982257905,-2.358493993,-3.183255665,-5.005300887,-0.182614978,-2.313733955,-3.440731983,3.6215709,5.875362995,-11.01811493,0.462114047
15.29380136,5.033420858,-4.587190923,14.67474684,-2.090742289,-3.741646298,-4.485589394,9.207827536,-5.746728607,-3.957143482,-2.053737294,-3.216509104,-4.988753242,-0.186774831,-2.21710786,-3.172991603,3.300342432,5.971845099,-11.14049554,0.462662775
15.09069845,5.274391878,-4.199408348,14.65723394,-2.597249411,-4.038492812,-4.22841571,9.330461229,-6.122818947,-3.961072758,-2.119183959,-3.206132509,-5.113616136,-0.005771749,-1.764034708,-2.961608341,3.218126023,6.113301934,-11.33642413,0.345140952
14.67954019,5.311597616,-3.796075038,14.50521755,-3.159969437,-4.108515942,-3.924620647,9.451336622,-6.558768552,-3.92149768,-2.385023286,-3.305347949,-5.359698658,0.415160951,-1.288419081,-2.707066898,3.349080042,6.191139865,-11.46589985,0.223017507
14.24747773,5.101240722,-3.540140297,14.245286,-3.644053805,-3.982943799,-3.553797845,9.472593918,-6.884909467,-3.97071586,-2.581028627,-3.5076482,-5.68349011,0.851435042,-1.048183545,-2.539737467,3.588364396,6.19941057,-11.42927206,0.115569075
14.05086616,4.916298582,-3.459689907,14.01691383,-3.912490204,-3.864335998,-3.175346371,9.329701733,-6.951263441,-4.1097637,-2.518592073,-3.656293585,-5.940546846,1.043911848,-0.983820179,-2.581795273,3.830919221,6.225938158,-11.31274376,-0.02946216
14.06267797,4.900477191,-3.45309804,14.00534039,-3.913328147,-3.862841497,-2.939404278,9.12492621,-6.905612858,-4.198991935,-2.330152203,-3.767511634,-6.068813728,1.028017487,-0.871421351,-2.743477808,4.02758937,6.274117933,-11.25978455,-0.17388752
14.145724,4.997691614,-3.509308339,14.2123928,-3.784465151,-3.8833059,-2.902370979,8.978027265,-6.846928621,-4.196849833,-2.238393514,-3.899887795,-6.110134553,0.911782567,-0.630075252,-2.885126043,4.215393642,6.248701465,-11.27742078,-0.23705477
14.25376309,5.099858135,-3.734789165,14.49857037,-3.70115985,-3.795286151,-3.086364919,8.926854553,-6.654825079,-4.113994319,-2.374863601,-3.969618767,-6.096222902,0.741321929,-0.330195938,-2.94439643,4.459247756,6.152479384,-11.32336765,-0.197850605
14.4618907,5.098243296,-4.260138228,14.58627024,-3.681033956,-3.53753079,-3.453573686,8.919901653,-6.210381922,-3.962493819,-2.714689308,-3.842150126,-5.994179429,0.544952081,-0.13207004,-2.991635432,4.752836214,6.128550888,-11.34038758,-0.144391282
14.95317164,5.010537011,-5.047722149,14.21478204,-3.534276155,-3.262454621,-3.731594671,8.710126951,-5.700214838,-3.730023583,-3.005354958,-3.512263825,-5.668298863,0.329856038,-0.153002904,-3.186007933,4.918365238,6.340989604,-11.31854296,-0.168014795
15.63763312,4.954288479,-5.568519723,13.71724295,-3.325460913,-3.195106053,-3.466913356,8.064971381,-5.541528239,-3.441241827,-2.935268212,-3.307083966,-5.166854497,0.175178075,-0.361932172,-3.533688282,4.604528298,6.595524114,-11.20756261,-0.158634081
16.0160192,4.867285463,-5.365957023,13.43311568,-3.486786649,-3.164248713,-2.903211845,7.554927831,-5.675410554,-3.197714694,-2.870710314,-3.454853711,-4.923998061,0.347051163,-0.678299418,-3.674581535,3.990217365,6.543847334,-10.75236568,0.044022288
16.27333974,4.811170737,-4.758651639,12.91463145,-3.791026048,-3.306312229,-2.691035581,7.569276427,-6.162290139,-2.965417822,-2.996480904,-3.528716029,-4.956822419,0.741262717,-1.087631086,-3.332708213,3.563841253,6.365283663,-10.40664311,0.477567862
16.60352415,4.638701968,-4.068707247,12.2610705,-3.827606003,-3.80713055,-2.682797338,7.809765946,-6.683019017,-2.895658399,-3.054326867,-3.522882003,-5.079811865,1.02983231,-1.641666987,-2.912571066,3.441920971,6.279532953,-10.58584361,0.917296902
16.85626408,4.314251223,-3.527963129,11.64214328,-3.501985253,-4.233683327,-2.574990928,8.113598995,-6.858167259,-3.071875383,-3.272863636,-3.656208912,-5.284834622,1.11726177,-2.121305097,-2.819830105,3.810703856,6.159148977,-10.80824488,0.961227502
17.02264675,4.083374598,-3.176338685,11.30279753,-3.321878096,-4.387047437,-2.530366497,8.274879127,-6.84667672,-3.099015914,-3.509722627,-3.66312894,-5.575792616,0.992445077,-2.396308021,-2.972695209,4.194329317,5.949435247,-10.80266927,0.972063091
17.06681002,4.016498203,-2.898643548,11.17844045,-3.220495735,-4.462697672,-2.628261457,8.364818865,-6.90634401,-2.971097587,-3.519792299,-3.459932149,-5.845304902,0.797450476,-2.577648764,-3.205022194,4.47065616,5.864754957,-10.73985672,0.991192703
17.0110932,4.102181671,-2.743978582,11.19927452,-3.070626107,-4.489403038,-2.828340451,8.448193407,-7.036599591,-2.789257783,-3.328048991,-3.145410136,-6.036544221,0.617218822,-2.687753668,-3.434230718,4.686867871,5.990597643,-10.66610959,0.949343929
16.9056436,4.300271038,-2.801271023,11.34117322,-2.802420631,-4.411233735,-3.088051652,8.54547858,-7.17983224,-2.593090329,-3.023848121,-2.814219835,-6.082970426,0.478916432,-2.750940136,-3.612803628,4.81366688,6.330448506,-10.5822439,0.828477994
16.73964274,4.547396669,-3.129797752,11.59652486,-2.396703403,-4.14092861,-3.416333283,8.570439263,-7.248690227,-2.396093301,-2.728897659,-2.580735314,-5.91846556,0.368568873,-2.788292871,-3.728159447,4.754969554,6.773159077,-10.54068268,0.700725914
16.3815857,4.781099425,-3.613392884,11.93682019,-2.049755014,-3.651328071,-3.861789007,8.306838798,-7.132408879,-2.204093845,-2.649001937,-2.574653581,-5.618532556,0.306153699,-2.731670742,-3.853995283,4.466669391,7.020483943,-10.66749955,0.804602058
15.68111187,4.854899974,-3.802921367,12.36713642,-2.164848643,-3.199179214,-4.219638114,7.817755505,-7.000470463,-2.072309064,-2.838560085,-2.744227045,-5.649822993,0.569425779,-2.412294399,-4.026367015,4.229473779,6.7956586,-11.02360258,1.248275672
14.88815358,4.554143773,-3.503426847,12.74340935,-2.662232918,-2.974652907,-3.913122655,7.890706022,-7.427269113,-2.104156186,-2.993621941,-2.887175585,-6.167083369,1.225408757,-1.940401325,-3.953711539,4.437907732,6.359710589,-11.19994941,1.410007459
14.58257127,4.095692085,-3.643089888,12.75600441,-3.056741137,-2.46526924,-3.553078635,8.384746805,-7.500108905,-2.168839079,-3.27354992,-3.155712414,-6.217617296,1.02820375,-1.795329514,-3.810731108,4.324423149,5.957436086,-10.94192685,1.100550901
14.69063061,3.801518618,-4.124879525,13.35926138,-2.986672532,-2.416220522,-4.133416764,8.153636191,-6.849252077,-2.101380122,-3.714466774,-3.069223694,-6.090713889,0.664517857,-2.158101272,-3.50826488,3.906172109,5.971761107,-11.30736801,1.209244647
14.96540251,3.857305393,-4.501990486,12.88656008,-2.928622746,-2.01598937,-4.160211567,8.195208146,-7.014870966,-2.031053108,-4.361589292,-2.970894528,-5.823527967,0.186058468,-1.92232608,-3.757683105,4.188638596,6.23573608,-11.64762655,1.002926764
14.97263789,3.613630182,-4.678759081,13.2709458,-2.816067757,-2.220975651,-4.219161443,8.399360409,-7.128125027,-2.023849365,-4.801985437,-2.734129003,-6.231300492,0.192665071,-1.636423384,-3.790386212,4.344044447,6.02592395,-11.77159953,0.769995208
14.99926909,3.381463705,-4.660052886,13.34624153,-2.917669027,-2.295892023,-4.414265339,8.704812919,-7.274428207,-1.991863446,-4.993580477,-2.57941484,-6.453039793,0.111319506,-1.151440702,-4.39681504,4.203769277,5.817957178,-11.32621942,0.596722411
14.95225314,2.885280216,-4.147537135,13.80808737,-3.280227552,-2.507420968,-4.64759855,9.130687595,-7.587886102,-2.014607997,-4.649436905,-2.339670824,-6.771353147,0.302413968,-0.631898684,-4.695544945,4.243559971,5.902038291,-11.028819,0.644288181
15.2933217,2.615001029,-3.937559796,13.64184788,-3.398884918,-2.261170099,-4.300862095,9.234324096,-7.898346478,-1.618888883,-4.164327204,-2.581112416,-6.741931719,0.197503643,-0.253780334,-4.982876917,4.354875723,6.280356634,-10.62603945,-0.244310775
15.28530974,2.148078948,-3.945834648,13.53636409,-3.48541187,-2.257785778,-4.374245901,8.705204963,-7.493564989,-1.768916069,-3.502963925,-3.055591613,-6.220463297,0.159828155,-0.250120805,-4.356896947,3.914553939,6.198115511,-10.8410022,-0.765011261
15.86888476,2.113304988,-4.447924589,12.79871919,-2.88890503,-2.760140467,-4.540485866,8.822745544,-7.095604048,-1.928814769,-3.442647003,-3.142201999,-5.273599085,-0.341784911,-0.09448114,-4.055038382,3.774480815,6.169957014,-10.97931847,-0.580508968
16.38834644,1.781351643,-4.273255463,12.61675977,-2.754600331,-3.319128318,-3.985182108,8.741845372,-6.565395014,-2.289577329,-2.486442853,-3.195216651,-4.813021199,-0.184942196,-0.264114027,-3.735347672,3.226990403,6.127459915,-11.28486818,-0.000221336
16.6444097,1.796857034,-3.902990969,12.14566896,-2.768941664,-3.780972369,-3.447172794,8.737053175,-6.460880009,-2.222420544,-2.351011752,-3.05856552,-4.428197676,0.16826032,-0.345773238,-3.24245311,4.125051014,5.853775148,-11.32419073,-0.330064981
16.60976763,1.571110749,-3.934332078,11.98753237,-2.620069152,-3.974459517,-3.071388187,8.775127138,-6.30935606,-2.032693604,-2.039794796,-3.625413505,-4.659779587,0.689627558,-0.507772688,-3.19438883,4.207700408,5.389190359,-11.24451795,-0.379586067
16.78349849,1.323866052,-3.806882889,11.6869198,-2.559183355,-4.345810098,-3.004135104,8.910307452,-6.888548059,-1.922284041,-1.82566376,-4.084168248,-4.566799759,0.864209129,-0.675100708,-3.068798967,4.515867992,5.005130658,-11.18041169,-0.117704387
16.66295415,1.425263931,-4.01038891,11.83479213,-2.375386632,-4.479362724,-3.262327828,9.177271142,-6.968281111,-2.040862868,-1.703651299,-4.709635943,-4.502672392,0.449204677,-0.673891114,-3.121153502,4.982110493,5.332260782,-11.26075196,-0.059360818
16.81079093,1.308401749,-4.143944251,12.06715109,-2.50704946,-4.599980634,-3.496819434,9.056538849,-7.075158281,-1.817324651,-2.00051897,-5.147321784,-4.668637341,0.140468519,-1.05048645,-3.235392739,5.017718267,5.898672268,-11.22944951,0.485717373
16.8732443,1.06247192,-4.336039026,12.53052791,-2.426479162,-4.137850053,-3.625853587,9.059605253,-6.775449664,-1.996836872,-2.562911159,-5.146179207,-4.946742496,-0.403725276,-1.286693513,-2.616585353,4.962884014,6.171913344,-11.46070288,0.727371053
16.80051549,0.585920639,-4.14632401,12.88904669,-2.145928802,-3.72274998,-3.645272309,9.145991704,-6.711636332,-2.116056395,-3.044385567,-4.78023372,-4.838886626,-0.84567141,-1.769617689,-2.168153504,4.34294295,6.519332271,-11.69481404,0.504321592
16.61950942,0.465414877,-4.012486523,12.90929358,-2.225843451,-3.736199552,-3.732737887,9.29068425,-7.099376541,-2.136312533,-3.528697233,-4.536458349,-4.46043368,-0.710331801,-2.181872397,-2.363043887,3.971202051,7.084478659,-11.58955372,-0.186256559
16.75238096,0.633650238,-3.994757748,13.08501783,-2.323056086,-3.624150492,-3.836582554,9.573309984,-6.985688941,-2.452521156,-3.229324345,-4.409163851,-4.218983251,-0.371853285,-2.160853563,-2.743738959,4.009235798,7.070068375,-11.26621384,-0.270216766
16.66387814,0.768911065,-3.587392711,13.10825203,-2.258345656,-3.219127822,-4.0492791,9.503003811,-6.8348301,-2.483101719,-3.072932879,-4.493991058,-4.278366131,0.238876509,-1.73333317,-2.778953671,4.309089364,6.49252016,-11.1497702,-0.098417983
16.60936096,1.138042088,-3.282938356,13.37956446,-1.667480821,-3.573014696,-4.322636546,9.162761674,-6.636452171,-2.334905795,-2.964924187,-4.595512052,-4.700469652,0.811288867,-1.315905506,-2.572756136,4.241289528,6.428981243,-11.23014877,-0.201752484
17.18280508,1.470186322,-3.169837918,13.27108842,-1.072960272,-4.113541543,-4.220467302,8.758572824,-6.75835989,-2.637100615,-2.756713777,-4.742709343,-4.670143611,1.187183931,-1.110302934,-2.914943197,4.245788905,6.449829264,-10.89687177,-0.039197128
17.48257352,1.727853193,-2.891052311,13.05037733,-0.873386726,-4.326753722,-3.749055387,8.31875788,-7.405508976,-2.858871841,-2.763340236,-5.019144339,-4.690894253,1.358390692,-0.966271024,-3.718805182,4.704103184,6.008755006,-10.61174726,0.607922845
17.50312324,2.321414974,-3.181161134,13.6635544,-1.155657927,-4.703655713,-3.144846284,8.291368437,-7.401360942,-2.915794676,-2.306369235,-5.215157813,-4.862796328,0.376497533,-0.955802982,-4.290987573,4.757239317,5.778929269,-11.00761915,1.231897854
17.1298844,2.377897211,-3.632544476,14.42536381,-1.377759992,-4.255756813,-2.817839864,7.785695607,-6.831874413,-2.939826435,-2.939529202,-5.267526832,-4.865577369,0.202017446,-0.478587944,-4.02759394,5.073268291,5.469547582,-11.12487909,1.453873982
16.56612251,2.076522526,-3.518620242,15.35825245,-1.821463027,-3.373697417,-2.961666661,7.694220257,-6.563296041,-2.612804296,-3.006760637,-4.9543364,-5.045170048,0.092731476,-0.432357169,-3.853345919,5.010120843,5.397987229,-10.94228982,1.724734791
15.67796973,1.59934374,-3.263622813,15.46409497,-2.314565837,-2.450586217,-3.025589854,7.88167477,-6.43463277,-2.924722746,-2.330755523,-4.795301053,-5.416145125,0.181240426,-0.285251352,-4.012983236,4.318063591,5.710702907,-10.90465981,1.755178632
15.05093589,1.466890828,-3.055563127,15.2067769,-2.176320561,-1.827246053,-2.585017445,7.910618335,-5.881895323,-3.410135879,-2.007055636,-4.849059152,-5.816436262,0.036264485,-0.0341012,-4.008952666,3.364521713,5.976271011,-10.89931983,1.333390169
14.63047204,1.521518209,-2.646151861,14.56339639,-1.718667646,-1.793133109,-2.401053025,7.774142353,-5.569753059,-3.626552877,-2.697000219,-4.741325779,-5.769478629,-0.292339024,-0.292208838,-3.664324783,3.116069206,6.210800198,-10.55637456,0.561121346
14.22200923,1.498314506,-2.474810557,13.76630168,-1.590475188,-2.281479116,-2.865004667,7.524641082,-5.851933141,-3.67467545,-3.168429003,-4.339907831,-5.61616787,0.011412561,-0.660522516,-2.946785369,3.515088846,6.453500387,-10.49654977,0.526877434
13.97773672,1.650087939,-2.460891408,13.17492829,-1.670186817,-2.452534605,-3.435143136,7.418496077,-6.03558262,-3.647474963,-2.92711877,-4.215155575,-5.616831389,0.539877565,-0.8257953,-2.456980709,3.688550361,6.564317394,-10.49042266,0.794584676
14.07345748,1.711909201,-2.477611043,12.80075437,-1.674049526,-2.47555405,-4.038461503,7.499562608,-5.849963796,-3.38706808,-2.610105817,-4.188152214,-5.593481845,0.651557478,-1.041131764,-1.853817888,4.063976443,6.451542492,-10.32564742,1.079122791
14.436621,1.752045906,-2.5709831,12.7818941,-1.464778081,-2.613102592,-4.487161999,7.758346001,-5.384331738,-3.081055806,-2.557876256,-3.808577267,-5.643746134,0.3554646,-1.37433349,-1.400250331,4.582079383,6.145411636,-10.30719958,1.359937496
14.66945587,1.924933847,-2.671189439,13.06157461,-1.163791637,-2.661099901,-4.855405288,8.074986024,-5.03349685,-2.957068195,-2.757900683,-2.984699849,-5.750861771,-0.022804261,-1.512522629,-1.564109051,4.870001166,6.024624449,-10.68444061,1.509455543
14.51301583,2.209621484,-2.693712137,13.02796183,-1.246522684,-2.672546316,-5.242863605,8.504795453,-5.52792952,-2.905101879,-2.720529296,-2.39074107,-5.736321667,0.048336482,-1.09349028,-2.32750831,5.048194743,6.306714572,-10.94161166,1.437379714
14.40524923,2.767358175,-2.790262846,13.08629535,-1.248671767,-3.22944939,-5.281761462,8.990945208,-6.363071072,-2.909087471,-1.935174854,-2.524959424,-5.713835236,0.567357784,-0.582689819,-2.778550845,5.284473965,6.443698685,-10.71073272,1.274221009
14.45246823,3.29935989,-2.934239935,14.03496377,-0.80429229,-3.520317352,-5.041019497,8.898366457,-6.747018281,-3.15801252,-1.083358156,-3.028079846,-5.381707743,0.607836736,-0.500557416,-3.157404564,5.075895973,6.400960157,-10.68397657,1.131122387
14.59232382,3.352465379,-2.548561056,14.81764452,-0.781107828,-3.567979686,-4.384863,8.580825262,-7.452456672,-3.305089957,-0.94821355,-3.398836459,-4.98048969,0.22737519,-0.736041938,-3.763180567,5.103200308,6.293514835,-10.79570905,0.945836943
15.17907325,3.113959609,-2.121759855,15.02212422,-1.132175993,-3.529382336,-3.578350605,8.187529585,-8.327996239,-3.045908138,-1.363958607,-3.421221323,-4.703655323,-0.028390027,-1.21918789,-4.092413761,5.35329018,6.181911871,-11.0756001,0.904860988
15.98650755,2.698643091,-2.056163864,15.23028616,-1.462631323,-3.623363538,-3.454051036,8.100217772,-8.502529547,-2.411939928,-1.995065411,-3.09239925,-4.540231849,0.036034099,-1.772062158,-3.55011265,5.486715488,5.902002858,-11.4169024,1.115892604
16.69139474,2.280368069,-2.314074115,15.29171746,-1.428624491,-3.933421984,-4.006025091,8.470129388,-7.940075107,-2.248374158,-2.4246301,-2.692098871,-4.334209901,0.142592369,-2.271525631,-2.793786138,5.151220153,5.605510204,-11.45888634,1.025993113
17.18905884,2.387224299,-2.701871929,15.27621219,-1.086423423,-4.397943704,-4.358321632,8.38601158,-7.218783658,-2.620515679,-2.833313875,-2.473826864,-4.295830484,0.209983509,-2.267763677,-2.471608718,4.566950154,5.49415338,-11.20019263,0.596668089
17.54396525,2.509655605,-2.852193875,15.33290366,-0.968955987,-4.627121536,-4.57488959,8.046845982,-6.707440467,-3.253086159,-3.070586647,-2.191965051,-4.321888385,0.410699965,-2.038657237,-2.727568573,4.038533517,5.498870638,-10.86581454,0.401644896
17.80317256,2.616000602,-2.828940545,15.35298701,-1.115428274,-4.745509424,-4.676107816,7.866124876,-6.483893191,-3.802730924,-3.154053487,-1.916519373,-4.269749726,0.598240467,-1.777877055,-3.137770365,3.78663755,5.590236955,-10.539352,0.449146727
17.96532951,2.807739818,-2.797623681,15.27625334,-1.338558061,-4.83006869,-4.717635099,7.912341345,-6.479035799,-4.144795073,-3.193389342,-1.722908838,-4.254407742,0.669363129,-1.527069049,-3.394842082,3.734352939,5.7074426,-10.23495837,0.598919102
17.99222561,3.05801897,-2.788919824,15.06233358,-1.488081363,-4.81066742,-4.779750796,8.121676683,-6.625541129,-4.261118631,-3.271759148,-1.672582965,-4.394959946,0.634580763,-1.255982207,-3.448244728,3.731714106,5.837265179,-9.998545983,0.773981433
17.79883176,3.303205042,-2.787633841,14.63705926,-1.450666918,-4.619970454,-4.875556866,8.377562011,-6.858701376,-4.133435612,-3.419897537,-1.854841476,-4.699314189,0.481908205,-0.944436241,-3.329799186,3.686806441,6.005341851,-9.920069234,0.897391764
17.27945716,3.466946091,-2.751552799,13.96674632,-1.211423962,-4.227029695,-4.946685283,8.515834562,-7.103262667,-3.736462224,-3.603709238,-2.331752355,-5.07612049,0.208452597,-0.617858912,-3.126005599,3.500290832,6.216077315,-10.1014226,0.828198005
16.57516911,3.477628733,-2.636171002,13.19987489,-0.910222877,-3.662498386,-4.937899745,8.447954476,-7.286182491,-3.155330251,-3.526716375,-2.997620536,-5.299679289,-0.046007122,-0.430651116,-2.967385573,3.013870955,6.434638794,-10.49510359,0.428264567
16.18915399,3.485567566,-2.573916561,12.51694729,-0.663659324,-3.220919053,-4.907764073,8.342269074,-7.440312696,-2.818470843,-2.769975252,-3.434394628,-5.02929295,0.008751952,-0.704843791,-2.822554357,2.540713176,6.435631059,-10.91787088,0.028886144
16.04770312,3.918447765,-2.978330172,11.95904991,-0.693005762,-3.082998725,-5.004049197,8.263863435,-7.572870995,-2.749749506,-2.252460852,-3.394232251,-4.711548884,0.248741734,-0.879348543,-2.496500147,3.032118444,5.867764076,-11.3154289,0.271601262
15.96191338,4.316014259,-3.489410906,12.27757611,-1.433159063,-3.082009144,-5.372648247,8.191444121,-7.283510076,-2.496049445,-2.497647647,-3.359874432,-5.114691581,0.611441085,-0.454022834,-2.263491537,3.269139131,5.274352054,-11.2849597,0.729694546
16.10713134,4.135965926,-2.663846688,12.96313435,-1.850829585,-3.45851028,-5.839629511,8.392215541,-7.473652312,-2.684657761,-2.291107843,-3.537965675,-5.503341055,1.944187179,-0.599333817,-2.403806286,2.907475655,4.97342791,-10.89926054,0.581477233
16.71743369,3.539920676,-2.173437952,12.87752597,-1.881962857,-3.112376286,-5.678898702,8.335267329,-7.495416542,-2.830631048,-2.386729614,-4.290882154,-6.377245125,2.394534094,-0.876747446,-3.673217249,2.624003681,5.036441209,-10.96000511,0.576149491
17.47181117,3.124088835,-1.6114519,12.90765924,-1.462174063,-2.917110573,-5.601976519,8.161083641,-7.008947277,-3.085485504,-2.748461515,-4.433300649,-6.663394682,2.060201255,-1.31786656,-4.323361576,3.047156937,5.269503664,-11.47450608,0.362294576
17.81134475,2.406003598,-2.098294082,13.28484129,-1.132574154,-3.094275744,-5.777553855,8.277192177,-6.210992321,-3.341359777,-2.881875662,-4.334654846,-6.472918463,1.732908083,-1.446239504,-4.238870602,3.235594367,5.720699955,-11.42963172,0.57631349
17.81373988,2.056370646,-2.347573848,13.47949402,-1.164479573,-2.850934171,-5.844560692,8.039991451,-5.535443536,-3.057054648,-2.985545692,-4.035943944,-6.193858862,1.806944206,-1.641636501,-3.766668331,3.715024334,5.928104939,-11.47047795,0.875296779
17.58307669,1.985985346,-2.144425148,13.65304862,-1.260805255,-2.378816445,-5.84298468,7.904352381,-5.423789672,-2.524603947,-2.83606676,-3.623464415,-5.929098518,2.136631048,-2.00068356,-3.381417787,4.092191943,6.299630584,-11.78755484,1.00947864
16.90235018,2.047635974,-2.184288267,13.84632823,-1.26845659,-1.796927661,-5.668988751,8.044264968,-5.763192545,-2.155087168,-2.453832387,-3.39841005,-5.669485959,2.094765311,-2.036118077,-3.249975275,4.009697579,7.015911316,-12.02622039,0.850877083
16.08891469,2.401404102,-2.591721426,13.9661612,-1.082499685,-1.441849609,-5.35428492,8.069304581,-5.955583584,-1.961578969,-2.096174369,-3.484966973,-5.602758512,1.599994112,-1.757544672,-3.19448481,3.991976835,7.321339121,-11.91505791,0.218620383
15.67318774,3.186650649,-3.168479243,13.82867525,-0.702141479,-1.517961616,-4.950340759,7.920073764,-5.992172543,-2.044878556,-1.990968589,-3.483076604,-5.78134066,0.937224901,-1.639799535,-3.106586208,4.253841289,6.768064671,-11.7348024,-0.543111075
15.63861719,3.841183266,-3.5383273,13.4905706,-0.428302546,-1.822006433,-4.604602793,7.871188018,-6.291692503,-2.090843257,-2.276280138,-3.324923951,-5.751751669,0.305409655,-1.726640602,-2.959663776,4.479319381,5.857912733,-11.89357498,-0.853887523
15.88827097,4.013017257,-3.681921039,13.45086664,-0.395216021,-2.201214551,-4.32905042,8.100521251,-6.651425894,-2.002424796,-2.576666773,-3.285390707,-5.451481166,-0.160600336,-1.798171364,-2.818431923,4.555564302,5.103321675,-12.18982334,-0.667493835
16.36519769,4.081097808,-3.898179049,13.6936744,-0.529720783,-2.415807882,-4.167613262,8.096341064,-6.865049346,-1.825411015,-2.821645684,-3.42586973,-5.256093339,-0.633175965,-1.850079004,-2.762397124,4.209525553,4.766359604,-12.22717408,-0.317165527
16.68235607,4.120742583,-4.140351614,13.92416404,-0.510414281,-2.326569239,-4.193848561,7.71800639,-6.949353822,-1.976462788,-3.317864145,-3.542979608,-5.330795646,-0.73735647,-1.815660681,-2.841179937,3.612372384,4.892727928,-12.23516545,-0.307186771
16.66054719,3.864028035,-4.131294242,14.24430418,-0.37877635,-2.39307162,-4.25249292,7.870494732,-6.845606871,-2.471851463,-3.840013935,-3.438564297,-5.553891847,-0.349417199,-1.592194343,-3.094645883,3.316148077,4.998189719,-12.39510022,-0.454175566
16.52144566,3.405522058,-3.782198059,14.76947537,-0.754341548,-2.797209333,-4.334375075,8.487107636,-6.909393163,-2.667370099,-3.72884887,-3.403435912,-5.682226541,-0.182374217,-1.558657814,-3.340219756,3.315550076,4.774121039,-12.30522903,0.015615723
16.68841316,2.986040171,-3.465364902,14.91691711,-1.277039561,-2.857605253,-4.264802713,8.151566328,-7.378223408,-2.623739934,-3.617076797,-3.621825998,-5.767062686,-0.089190899,-1.457397832,-3.609654926,3.202908309,4.671466466,-12.04438937,0.558745408
17.12135456,2.783663133,-3.343528896,14.91295677,-1.324200934,-2.744616018,-3.987700044,7.437317443,-7.34018737,-2.933137813,-4.007863353,-3.874088089,-5.701728834,0.269036892,-0.845646844,-3.652352321,3.132920122,4.968273223,-11.61850369,0.513870539
17.54311653,2.769242858,-3.286696489,14.9145074,-1.115703887,-3.049449776,-4.072241981,7.41486666,-6.864662743,-3.448945623,-4.078721524,-3.493522051,-5.046886987,0.21084762,-0.701679297,-3.321238619,3.318463448,5.653344436,-10.9241654,0.251207359
17.62098831,2.923329963,-3.226981249,13.69895532,-1.221869872,-3.308113345,-4.280760118,7.525983865,-7.045450418,-3.713801654,-3.957092539,-3.520144132,-4.164784268,0.090332353,-1.132523676,-3.225119003,3.506151943,6.117331776,-10.59758159,-0.560114347
17.53345141,2.995654859,-2.935863004,12.75236827,-1.680727339,-3.275888934,-4.225839578,7.134106199,-7.259454049,-3.64159075,-3.969834044,-4.00628618,-4.206271523,0.41555023,-1.177925919,-3.355225869,3.284841034,6.057835076,-10.41746786,-0.837163135
17.66221687,2.798100314,-2.589059162,12.00326818,-1.93975846,-3.558198241,-4.202075813,6.929690031,-7.19984518,-3.785817747,-3.920133895,-4.039413847,-4.263851518,0.767464459,-0.962972233,-3.433817745,3.415143108,5.857629554,-10.40516187,-0.606183357
17.66361238,2.4104601,-2.584007453,11.51435935,-1.870010113,-3.796292845,-4.044045906,6.916154618,-6.790595807,-4.134669368,-3.941961105,-3.877484751,-4.411219577,0.804182915,-0.764439051,-3.597662092,3.934125021,5.591029667,-10.4474882,-0.211032854
17.43153222,1.97005732,-2.792181842,11.21898305,-1.639593881,-3.615171899,-3.630121057,6.915789354,-6.260541968,-4.39053241,-3.960201995,-3.850794191,-4.707913728,0.555304201,-0.657377134,-3.742912028,4.526099306,5.28675098,-10.50072072,0.185440057
17.20551948,1.635018626,-2.747015572,11.03900827,-1.538610998,-3.27207426,-3.394560261,6.937453948,-5.874380375,-4.3995495,-3.702849488,-3.90315142,-4.911832057,0.269371283,-0.694429687,-3.79164,4.748737786,5.113703585,-10.5622922,0.564972596
17.05783414,1.530632231,-2.528529086,10.95699137,-1.488759891,-3.1158214,-3.521817757,7.040136857,-5.671151916,-4.246161711,-3.235956645,-3.867374603,-5.032780569,-0.075219137,-0.875334263,-3.823916743,4.71531675,5.165144972,-10.70912129,0.925204856
16.95407783,1.726256529,-2.355310625,10.97129629,-1.467414754,-3.21052814,-3.809165312,7.203003767,-5.68164426,-3.95650531,-2.759613667,-3.750304661,-5.233684755,-0.542109379,-1.091450491,-3.859792199,4.696152636,5.395473753,-10.88920467,1.179602566
16.8171618,2.168578258,-2.312509667,11.10538108,-1.592422953,-3.412355079,-4.041800982,7.379367175,-5.914700444,-3.614293088,-2.407451226,-3.649305951,-5.625077567,-1.001517498,-1.29953357,-3.875242928,4.743108376,5.722353753,-10.92071773,1.205939414
16.70485675,2.561790323,-2.261166796,11.40352608,-1.80047198,-3.479548506,-4.172115689,7.474763423,-6.253267544,-3.434456046,-2.157789842,-3.645826422,-6.153434449,-1.075204307,-1.590713325,-3.851835229,4.69644603,5.967280019,-10.80563829,0.883074694
16.91696221,2.576126829,-2.136769211,11.72050074,-1.69174068,-3.33861949,-4.401134259,7.598255209,-6.568882973,-3.548582893,-1.932681335,-3.665405987,-6.510226979,-0.651650888,-1.764087102,-3.876147543,4.528772818,5.979932278,-10.98230795,0.380054879
17.40579877,2.222833942,-2.321436157,11.78662889,-1.284349944,-3.22736804,-4.756701824,8.10288157,-6.928464964,-3.836052543,-1.989375996,-3.70456516,-6.579509093,-0.28785613,-1.400621692,-3.901480022,4.473839574,5.835324078,-11.58620903,0.163528725
17.71385725,1.704277513,-2.95094506,11.83982997,-1.482907509,-3.26671856,-5.175841781,8.984792438,-7.336774187,-4.074752813,-2.560303846,-3.83977122,-6.687416059,-0.530582731,-0.906648158,-3.957734148,4.324249374,5.78944232,-11.77304986,0.442141108
17.99689988,1.215067298,-2.941175221,12.13137743,-2.190667171,-3.320046652,-5.611559362,9.583122966,-7.798974017,-4.186919926,-2.870593486,-3.893001371,-6.802070706,-0.750031849,-0.916602728,-4.359146964,3.805122567,5.892622877,-11.38625756,0.445896411
18.09752684,0.839748645,-2.841512131,12.34003188,-2.393483583,-3.142466848,-5.265905651,9.902521753,-7.702797835,-4.711968018,-2.788418253,-4.023568069,-6.620628589,-1.007632259,-0.944217104,-4.282468394,3.67811706,5.928251846,-11.42522988,0.312718929
18.2784213,0.188925479,-2.88815808,12.28927798,-2.125835759,-3.006045736,-4.957947151,10.17048309,-7.764920124,-4.88992863,-2.637985261,-3.981007456,-6.529030821,-0.7504381,-1.061707419,-3.801671673,3.776170519,6.273670823,-11.51855564,0.744187653
18.33014017,0.175861871,-3.359818268,12.56549422,-2.368863778,-3.032619254,-4.922387786,10.48559774,-7.697300832,-5.219061357,-3.02268261,-3.465052189,-6.17339178,-0.684835223,-1.346761631,-3.342150513,3.711871598,6.547107887,-11.71975991,0.864972473
18.30805133,-0.018124465,-3.458545348,12.7498985,-2.879784395,-3.35877287,-4.422611204,10.22584164,-7.822214575,-5.025099707,-3.357148117,-3.091142227,-5.681923138,0.347558156,-1.60620658,-2.945270623,3.815210099,6.301825275,-11.79396569,1.257727078
17.90946627,-0.351990062,-3.787687941,12.81841308,-3.023246524,-3.061629725,-3.800531164,10.18742797,-7.507177307,-4.925035253,-3.674581035,-2.942579113,-5.745930443,0.899181021,-1.678999315,-2.703367358,4.038781198,5.979282864,-11.91739051,1.179413749
17.29758051,-0.867978369,-3.872835631,13.45923652,-3.036662993,-2.442215139,-4.02916966,10.3598282,-7.063259219,-4.613088939,-3.590265622,-2.675296244,-5.572986521,0.997852251,-1.629821778,-2.706222291,3.958423411,5.925416811,-11.9196858,0.881460234
16.5940391,-0.681797991,-4.004945742,13.80707184,-2.7176753,-1.883026218,-4.198560582,9.898143907,-6.314115824,-4.176722597,-4.015254005,-2.836026866,-4.862035507,0.687570384,-1.219335601,-2.269680202,4.394652934,5.958233745,-11.73776676,0.284376922
16.31887419,-0.265464513,-4.457004782,13.29690316,-2.503091027,-1.914665792,-4.013424275,9.073387567,-6.562034832,-3.449845102,-4.111467361,-2.884182618,-4.486223655,0.599343282,-0.973582048,-2.700387134,4.490604761,5.836275669,-11.46724059,-0.169970622
15.72897752,-0.230138343,-4.415622677,13.25317063,-2.21977237,-2.187814647,-3.987971189,9.045282074,-6.583576184,-3.005195871,-3.968879043,-2.609191236,-4.535385268,0.292154355,-0.900565541,-3.460564035,4.491841989,5.810483623,-10.89802188,-0.380727215
14.91354439,-0.255587349,-4.379099031,13.02110863,-1.75935826,-2.348267757,-3.632688806,8.856207288,-6.110142716,-2.87777701,-3.28017553,-2.615845868,-4.782370974,0.455911993,-0.936961606,-3.688929137,4.05126262,5.257073547,-10.91242731,-0.511327284
14.3350871,0.029220037,-4.253296461,12.51815413,-1.575870755,-2.826381683,-3.479474754,8.986052823,-6.237990138,-3.095772306,-2.850883152,-2.247707021,-4.976774903,0.607926363,-0.858707557,-3.630282185,4.324722503,4.801181229,-11.11729896,-0.654284701
13.71926577,0.138326728,-4.11775738,12.1756397,-1.372528087,-3.000538091,-3.413095616,9.185499273,-6.393194189,-3.09347178,-2.399639718,-2.251614209,-4.893453257,0.911799937,-0.722631826,-3.813518526,4.384527903,4.604218418,-11.2183325,-0.346774786
13.15685593,0.329210938,-3.969555026,12.15775961,-0.971440644,-3.2649947,-3.27242352,9.158908899,-6.527410554,-2.9215783,-2.326005771,-2.357019992,-4.792713754,1.426492334,-0.782172036,-4.12971998,4.410134195,4.913876606,-11.30466899,0.017951875
12.90652902,0.562456909,-3.850183281,12.40023147,-0.564285388,-3.735277228,-3.17061862,8.840432193,-6.515004922,-2.859923224,-2.595529375,-2.502417685,-4.791806561,1.868035199,-1.032532745,-4.212810684,4.314169741,5.380834035,-11.62357071,0.331105855
12.96299354,0.791349601,-3.824431748,12.68228591,-0.562081253,-4.187974197,-3.393013212,8.578974273,-6.244847274,-3.033642612,-2.82644236,-2.608870674,-4.879445567,1.72646884,-1.123389112,-3.882020338,4.206649528,5.833388025,-12.1717004,0.565902296
13.13639211,1.058112947,-3.877500316,12.88570228,-1.003143589,-4.518474664,-3.916552093,8.486421931,-6.008773387,-3.196115851,-2.961897733,-2.663926238,-5.070887422,1.183554072,-1.010380889,-3.588166245,4.238154381,6.286311585,-12.4145439,0.805141587
13.2525295,1.379973956,-3.815209673,12.96383248,-1.516745322,-4.831395511,-4.404538122,8.444198737,-6.177249033,-3.232461405,-3.056915005,-2.859955444,-5.340264577,0.759392887,-0.997483574,-3.604580758,4.201684047,6.533320199,-12.22049484,1.010445723
13.28785995,1.765364383,-3.620211964,12.92275334,-1.762943861,-5.04497078,-4.701018253,8.368287818,-6.559988315,-3.227033456,-3.060442055,-3.206506197,-5.487228737,0.485217567,-1.05556298,-3.647804646,4.067140185,6.574609746,-11.96868425,1.03502421
13.3274896,2.175168764,-3.443927805,12.86055703,-1.870992026,-5.187503937,-4.910448903,8.21505344,-6.896802954,-3.230254056,-3.021891692,-3.493979371,-5.432470502,0.231610417,-1.072350374,-3.538893409,3.970855299,6.540884301,-11.85293059,0.988730181
13.42838558,2.538246987,-3.390898461,12.84291897,-2.002627956,-5.295316431,-5.04449321,7.99505523,-7.081272779,-3.243995203,-3.077604388,-3.50612003,-5.228787493,-0.006970301,-1.004546589,-3.314832813,3.893754246,6.451572563,-11.86559195,0.902083853
13.5416124,2.680215439,-3.484753797,12.91403612,-2.089264186,-5.334372633,-5.030843471,7.857854514,-7.044240203,-3.185340317,-3.302823233,-3.176442128,-5.048846932,-0.047752365,-0.827747812,-3.173485526,3.679390371,6.325509002,-11.97454715,0.718860733
13.52524139,2.375739437,-3.651778546,13.10587326,-1.899727242,-5.377434817,-4.807501442,8.10978842,-6.910876206,-2.981770745,-3.425563056,-2.857577264,-5.065633955,0.301313693,-0.719280689,-3.531647872,3.296799336,6.200632069,-12.02935498,0.564476715
13.47434869,1.941734776,-3.727060148,13.31612593,-1.512027348,-5.593744088,-4.317673866,8.616139767,-7.105014621,-2.810655821,-3.129872479,-3.115145099,-5.220546032,0.740747405,-0.900085251,-4.400384598,3.108128656,6.089953308,-11.9750599,0.759492539
13.3640037,2.09654821,-3.416602805,13.20793102,-1.476167552,-5.684019452,-3.644338921,8.463166138,-7.592329538,-3.186272287,-3.07498514,-3.70846093,-5.314007282,1.000779239,-1.014671853,-4.654667486,2.962815259,6.007063608,-12.12254767,0.710929497
12.89492302,2.161753978,-3.116739195,13.09931533,-1.911658722,-5.636250984,-3.555137127,8.116694351,-7.559270008,-3.568003749,-3.236343674,-3.85608992,-5.125929542,0.972793332,-1.012771178,-4.193205807,3.024292238,5.938700512,-12.09274495,0.657897945
12.57126881,2.172079169,-3.035033712,13.09397042,-2.370668012,-5.460375999,-4.117232624,7.868560348,-7.015428861,-3.591390328,-3.578074713,-3.987730687,-4.847980465,0.792782136,-1.012723683,-3.643964108,3.286766219,5.971535077,-11.95669797,0.805838889
12.45040462,2.18644025,-3.058615809,13.0541467,-2.705018553,-5.023459591,-4.763759669,7.684996767,-6.33888619,-3.521385227,-4.016173209,-4.289058104,-4.677343494,0.523346989,-1.117647801,-3.246409308,3.574647168,5.975245505,-11.92795386,0.93271086
12.38226433,2.188063505,-2.991294975,12.97513674,-3.024654453,-4.395029807,-5.259019727,7.558730396,-5.934745943,-3.460498526,-4.291366363,-4.566724695,-4.657249067,0.130610365,-1.391124072,-2.965133865,3.782242572,5.864363245,-11.9566091,0.904584691
12.37404689,2.231797343,-2.779792496,12.86452875,-3.325702964,-3.865057892,-5.594273572,7.421444345,-6.024252007,-3.369843918,-4.351028422,-4.773122846,-4.731965607,-0.254982723,-1.785605636,-2.869607702,3.911245918,5.662546433,-11.93137301,0.722129385
12.45844469,2.300988759,-2.545262158,12.77624959,-3.480891239,-3.654851922,-5.86312019,7.250039892,-6.363008768,-3.221970873,-4.279945851,-4.861017805,-4.755933791,-0.455583656,-2.199344012,-2.985634412,4.111155942,5.548248397,-11.82029205,0.512442107
12.60470852,2.394993051,-2.427273186,12.81185712,-3.445575162,-3.679291087,-6.087089929,7.201766621,-6.614552943,-3.057441444,-4.105188568,-4.716789865,-4.648962536,-0.476632794,-2.410064893,-3.229666334,4.41435526,5.690709233,-11.62261178,0.367049462
12.7926643,2.524100369,-2.456269252,12.99299579,-3.325205164,-3.656312425,-6.231747179,7.446641784,-6.729189327,-2.921969904,-3.779137416,-4.316084487,-4.469651423,-0.477306724,-2.168398744,-3.524784329,4.650793428,6.035647515,-11.38429318,0.33911551
13.04374398,2.633884949,-2.533849526,13.16202745,-3.237987299,-3.402746663,-6.248476496,7.896600548,-6.977242144,-2.779949311,-3.251172489,-3.896502922,-4.36318791,-0.520688,-1.544673328,-3.871564019,4.611442538,6.321667519,-11.18074224,0.438061692
13.34053282,2.714000399,-2.602431551,13.18483835,-3.213862154,-3.055767962,-6.044251678,8.166658572,-7.527543421,-2.579412342,-2.540206396,-3.85078121,-4.480905212,-0.487016962,-1.078152524,-4.236507291,4.332940523,6.301276398,-11.00969382,0.520659144
13.60679441,2.823694059,-2.705243129,13.26305813,-3.196076659,-2.802078201,-5.709724543,7.974939026,-7.889322975,-2.501645874,-2.031482658,-4.053431528,-4.712369504,-0.29856625,-1.224962297,-4.540684248,4.174466505,6.012052151,-10.80006266,0.412915561
13.77578415,2.761832502,-2.783332871,13.59568289,-3.259255689,-2.590508551,-5.578017449,7.777111547,-7.698440852,-2.656947638,-1.986839362,-4.025750824,-4.769510815,0.136577008,-1.55632019,-4.780622759,4.265102061,5.675939207,-10.59953715,0.332236534
13.96917263,2.427118606,-2.786280228,13.97632288,-3.502964786,-2.428959961,-5.727929784,7.948056059,-7.410696768,-2.807029977,-2.125366158,-3.910633257,-4.607462656,0.62594377,-1.648349698,-4.85765248,4.517543261,5.389159406,-10.50645139,0.497782737
14.40352083,2.006969142,-2.735413308,14.24826475,-3.860179524,-2.354248767,-5.9468135,8.251432496,-7.383660423,-2.839305667,-2.250454201,-3.903315286,-4.3131812,0.910206973,-1.694453574,-4.67280163,4.673729071,5.234375705,-10.57728976,0.683829341
15.17134903,1.682204888,-2.668112667,14.41178942,-4.231296715,-2.468606315,-6.069376795,8.456748076,-7.47998814,-2.804412163,-2.358069152,-3.930239088,-4.039952918,0.907939498,-1.886758704,-4.108360263,4.623612268,5.172448847,-10.79269383,0.588266709
16.22316924,1.655485664,-2.78236519,14.38754731,-4.351390635,-2.807811942,-6.139100884,8.577055838,-7.298133119,-2.943803852,-2.681453633,-3.843101316,-3.889688812,0.665730953,-2.032661256,-3.274331076,4.636875702,5.265958796,-10.96290121,0.12854027
17.18211797,1.855628687,-3.107780277,14.15379899,-4.049703242,-3.259429569,-6.304062657,8.689128448,-6.835588836,-3.60938555,-3.289515077,-3.458352637,-4.031586468,0.64304091,-1.676532055,-2.781139165,4.86484761,5.806714031,-10.82471041,-0.270895348
17.4862446,1.645283206,-3.251298319,13.70518481,-3.625614905,-3.448452017,-6.232136597,8.598947604,-6.748960793,-4.369526712,-3.482624836,-3.137760236,-4.501614306,1.364163825,-1.493845123,-3.213182254,4.82315293,6.710307301,-10.44017392,-0.014666585
17.41048481,1.85242551,-3.539803449,13.30645601,-2.761839619,-3.116395158,-5.434608403,8.14966184,-6.757937961,-4.26276324,-3.349347498,-3.278873396,-4.704498668,1.873102195,-1.94572248,-3.820017527,5.048841008,7.147430805,-10.69887609,0.092573002
17.19876225,2.572679162,-3.397679711,13.45354365,-2.520388394,-2.986112301,-4.996606165,7.560748534,-6.98512166,-3.877782283,-3.884462859,-3.309253572,-4.718290724,2.014239585,-2.072260708,-3.982695244,5.138762189,6.723564922,-11.24062125,-0.143619013
17.1404673,2.762217898,-3.294442768,13.84344783,-2.764089172,-3.616109868,-4.482606255,7.822712243,-7.761873089,-3.793136875,-4.589566858,-3.57550642,-4.833331184,1.632013856,-1.681151524,-3.811200217,5.272214313,6.109943041,-11.0735465,-0.479922624
17.71783095,2.218214748,-3.277289764,14.58648711,-2.318533507,-3.655799381,-4.360825945,8.298641791,-8.348795911,-3.685479129,-4.097875728,-3.712358827,-5.042954212,1.334467232,-1.05791243,-3.778838915,5.230760246,6.384302143,-10.84271019,0.217047365
17.77177623,2.138409246,-3.106342449,15.25803055,-2.168783661,-2.815565376,-4.383002875,8.374581893,-8.145100487,-3.489615123,-2.984720398,-4.345128035,-5.249241806,1.208145211,-0.416840102,-3.654344315,4.722237966,6.890345279,-11.52874466,0.530602874
17.11138931,2.029418986,-3.045375729,15.8280617,-2.277606747,-2.568785489,-3.7970526,8.07132451,-7.841179412,-3.465770844,-2.910217825,-4.649440153,-5.202920006,1.562695309,-0.059971101,-3.518445049,4.671616183,6.932847453,-11.91191415,0.736712345
16.85233658,1.263719797,-3.432695769,16.34235177,-2.383397858,-2.341840101,-3.270265018,8.365671136,-7.607844367,-3.551785487,-2.72650816,-4.449292756,-4.919050878,1.120505871,-0.430979342,-3.539425623,4.583180968,6.368143936,-11.70923837,1.568794836
16.32310165,0.808692517,-3.363092788,15.80672269,-3.266968301,-2.192593132,-3.062212948,8.598995231,-7.434296972,-3.716468786,-2.830074665,-4.593955862,-4.586922429,0.830120475,-1.245643103,-3.509209048,4.349645645,5.698807042,-11.77055896,1.66507631
15.64221066,0.677265202,-3.04276791,15.17780476,-3.29359741,-1.829807221,-3.015216568,8.395957656,-7.266655528,-3.683287632,-3.320145213,-4.551126462,-4.909858699,0.745117258,-1.787616974,-3.035878656,3.862818239,5.455620111,-11.69318435,1.191667235
15.06840445,0.610893533,-3.126401379,14.27389176,-2.743972217,-1.451229524,-2.797544161,7.880192802,-7.028501619,-3.573177476,-3.653746907,-4.165029966,-5.18674484,0.826831693,-2.302569782,-2.720636476,3.488307471,5.718653963,-11.3754921,0.884486973
14.29877841,0.64473421,-3.327241257,13.49960114,-2.62107406,-1.476547576,-2.992554321,7.656761243,-6.642861744,-3.582435344,-3.516438859,-3.669041679,-5.003237845,0.789527955,-2.425625987,-2.328892353,3.839123642,5.822499024,-11.38266438,0.803669489
13.99919104,0.615030899,-3.425237526,13.22524882,-2.771600005,-1.616232882,-3.280955733,7.722404113,-6.496938725,-3.599199772,-3.424070472,-3.169174268,-5.054575912,0.668967406,-2.097322062,-2.467269646,4.19859606,5.601659987,-11.21270822,0.631952553
13.84584744,0.390455677,-3.497242901,13.08728211,-2.707341581,-1.740070523,-3.360714367,7.915592549,-6.574324159,-3.609860932,-3.318135324,-2.777916991,-5.265814224,0.769342096,-1.68850041,-2.852653,4.442549055,5.352309557,-10.96153553,0.404139109
13.63709155,0.130930554,-3.612070513,12.95647434,-2.317808714,-1.923838052,-3.243294232,8.131960342,-6.786643581,-3.630927404,-3.061811851,-2.651226091,-5.410475496,1.077854207,-1.511942344,-3.189852378,4.624871364,5.311512086,-10.9086467,0.179528185
13.4628005,0.202989886,-3.739217124,12.9063945,-1.680048418,-2.187982614,-3.12475307,8.188620959,-6.937632471,-3.763175333,-2.804680555,-2.7297919,-5.318582027,1.261017076,-1.649688643,-3.399370379,4.720755112,5.604074769,-11.275914,-0.024957143
13.38182623,0.686490824,-3.736083634,12.92406249,-1.178437648,-2.431559243,-3.27290931,8.077772431,-6.999489551,-4.017652143,-2.669605829,-2.75673857,-5.023642041,1.038823131,-1.847309168,-3.597575015,4.823189615,6.036723379,-11.82994054,-0.101692868
13.29176719,1.167093694,-3.588114105,13.05848115,-1.055044382,-2.626888874,-3.554473417,7.999538448,-7.199753368,-4.14576259,-2.55596697,-2.720684852,-4.735980941,0.681763552,-1.930046179,-3.895166873,4.864281367,6.329595407,-12.11096579,-0.080341902
13.17772407,1.478472247,-3.425460815,13.28205057,-1.118445765,-2.838732289,-3.682680649,8.059328875,-7.655662711,-4.126820393,-2.525917947,-2.823032714,-4.546607269,0.472917368,-1.944410813,-4.241502989,4.67427356,6.506980824,-12.04966737,-0.155868029
13.07802681,1.756353537,-3.31218695,13.48179998,-1.180344592,-3.050893401,-3.604348857,8.03449011,-8.108222588,-4.096491413,-2.692122253,-3.208439423,-4.496793717,0.400274499,-1.937603537,-4.450168576,4.220427884,6.619724572,-11.79518528,-0.375475823
12.9686184,2.066911062,-3.235884855,13.53874909,-1.226437945,-3.18105075,-3.473036002,7.723202779,-8.104441667,-4.245225109,-2.921192223,-3.706919523,-4.651135331,0.411335864,-1.803143037,-4.344967656,3.687158098,6.632095994,-11.57323663,-0.443776643
12.82865918,2.26234153,-3.176429094,13.48523081,-1.275551897,-3.131424673,-3.625710218,7.278033221,-7.598010465,-4.653978284,-2.92440358,-3.796569137,-4.86711716,0.43614213,-1.469310688,-3.854014502,3.448733786,6.590864519,-11.48643948,-0.123643624
12.87651934,2.24092963,-3.291481475,13.13557001,-1.357532302,-2.830199613,-4.137842836,7.188909302,-7.047170035,-5.046684713,-2.807058679,-3.479205355,-4.748879699,0.260474832,-1.021516635,-3.295199144,3.676908499,6.49318944,-11.33766973,0.264075419
13.06217556,2.19246293,-3.577806626,12.42760387,-1.54060573,-2.536196585,-4.715367756,7.626229143,-6.959555841,-5.097351042,-2.739656848,-3.378811964,-4.481263351,0.186528804,-0.657838705,-3.128266973,3.920925663,6.31312431,-11.12509579,0.456567029
13.09479622,2.241122117,-3.757164968,11.89133687,-1.834789802,-2.477947423,-5.204725809,8.071250237,-7.347317733,-4.766154662,-2.420216356,-3.619415166,-4.384922564,0.503928454,-0.619550582,-3.110759958,3.856498612,6.142003046,-10.96588124,0.54330427
13.2378626,2.250532785,-3.849555086,11.60783599,-2.135571409,-2.623067328,-5.387868997,8.392492323,-7.62053809,-4.444836174,-2.128851202,-3.608622894,-4.257664591,0.469747933,-0.831463007,-3.095793012,4.091839023,5.889133528,-10.81159169,0.704015924
13.46011984,2.437709433,-3.99571646,11.5441552,-2.372156093,-2.640328284,-5.505012683,8.360190077,-7.647097477,-4.108450374,-1.950459003,-3.380527582,-4.323165275,0.656882672,-0.990935867,-3.159197553,4.131146461,5.767740898,-10.93941846,0.798548265
13.69974449,2.378844505,-4.235542819,11.63240059,-2.630419721,-2.659566111,-5.412850183,8.534040941,-7.509456141,-3.890455491,-1.93275636,-2.879925983,-4.565858935,0.607065565,-1.043130443,-3.164061534,4.447550896,5.542790141,-11.14720155,1.038134395
13.81990544,2.391742162,-4.62512125,11.95856396,-2.563395693,-2.643875937,-5.271377315,8.581288495,-7.614342824,-3.594277305,-1.775929154,-2.463327983,-4.937337772,0.73511915,-1.160581367,-3.004315877,4.492233894,5.447302236,-11.33642007,1.175700319
14.06342423,2.76106352,-5.197975175,12.16254994,-2.123710466,-2.713412546,-4.737306156,8.657225552,-8.040425863,-3.461453004,-1.943278454,-2.306301876,-5.071294648,0.369763608,-1.276409589,-2.926005332,4.706889484,5.271831686,-11.1523426,0.986922159
14.32471315,3.537524103,-5.625441119,12.30061815,-1.652804872,-2.4538193,-4.302606741,8.230172525,-8.538642271,-3.31419404,-1.751372934,-3.093650684,-5.077842822,0.372372248,-1.243625586,-3.333338105,4.124065228,5.148963609,-10.82900875,0.57957906
14.84226438,3.689248142,-5.307597939,13.0527675,-1.528033339,-2.513200246,-3.709515155,8.127876117,-8.621026447,-3.905296928,-1.966725277,-3.398389585,-4.827406891,0.340649541,-1.534293017,-3.881190924,3.870763725,4.925659803,-10.7319908,0.289638915
14.89516644,3.44180434,-5.016025404,14.03591336,-1.938155133,-3.296864104,-3.666849849,8.159925415,-8.42302573,-4.004572096,-2.376114858,-3.149597844,-5.238001792,0.117269429,-2.030388427,-3.341297798,3.835537344,4.252969912,-10.51770147,0.666026362
14.75713851,3.142868271,-4.827068814,13.75444231,-2.324797951,-3.489617376,-3.421343667,7.688183149,-8.458125976,-3.509262584,-2.967679216,-3.294929954,-5.707333545,0.576037732,-2.05888395,-3.181788136,3.48214672,4.197953916,-10.66366744,1.33716411
14.72444093,2.886684326,-4.7577076,13.54184323,-2.404845959,-3.134668454,-3.404524678,7.154017968,-8.142305405,-3.372868585,-3.665272914,-3.613177796,-5.250674014,1.143815949,-1.763066348,-3.220761945,2.884400049,4.554593649,-10.96105057,1.310910195
14.91390988,2.387547043,-4.935956235,14.00801188,-2.639548831,-3.325876679,-3.981387211,7.282249028,-7.685140418,-3.334384346,-3.448018871,-3.18605935,-4.54222601,0.698504922,-2.063635754,-3.26640243,3.314350704,4.89075725,-11.10555916,1.514685908
15.35044847,2.463353919,-5.441163807,13.83342472,-2.061681728,-3.174116315,-4.188572857,7.276103702,-7.365875402,-3.580707332,-4.142460935,-3.31439332,-5.003258335,0.311638528,-1.380393131,-3.298017103,4.18811351,5.585949428,-10.66127532,0.926565893
15.94640437,2.229092734,-5.820047155,13.24827277,-2.079660002,-2.582734101,-4.545868214,6.877834513,-7.321769157,-3.251447683,-3.980077669,-3.286074729,-5.00759159,0.479187032,-0.989048948,-3.662593033,4.14629688,6.175279536,-10.62210117,0.822866498
16.4565834,2.361241204,-6.024717089,13.00931941,-2.328296802,-2.341886635,-4.730732384,7.261950304,-7.790760663,-3.175998461,-3.361140177,-3.348760654,-4.92305455,0.132694898,-0.695854028,-3.370614377,4.571235025,6.738200522,-10.59657364,0.577090519
16.60832039,2.618211541,-5.718474695,13.12150937,-2.548731811,-2.236700875,-4.453107111,7.055936637,-8.109891607,-3.3039768,-2.608533924,-3.708338257,-4.701740468,-0.265680225,-0.698113316,-3.03875752,4.024052375,7.411840098,-10.64849631,-0.066132252
16.58250546,2.863285816,-5.452514767,13.00425656,-2.200170268,-2.485145401,-4.367226694,6.981180085,-8.246163474,-3.277012102,-2.66812785,-3.227499608,-4.519315946,-0.651221899,-0.718776512,-3.217944832,3.999010198,7.902039696,-11.04301694,0.050339169
16.4797557,2.622062104,-5.481571121,12.67995222,-1.820852078,-2.506313513,-4.303782921,7.187105386,-8.37526511,-3.109279153,-2.78684908,-3.201399114,-4.551044722,-0.369913816,-0.892629206,-3.232896299,3.738427657,7.604122431,-11.37314286,0.571000821
16.48274111,2.624761431,-5.872039389,12.46060313,-1.531954376,-2.390062241,-4.372276965,7.4131354,-8.528981477,-3.120251585,-2.854860442,-3.351249431,-4.685775587,0.101417735,-1.123955917,-2.880055958,3.687742474,7.073683121,-11.70693579,1.290997702
16.42999812,2.940096709,-6.340636267,12.41448025,-1.378761804,-2.251678254,-4.608512849,7.660400669,-8.62985091,-3.266175963,-3.036490463,-3.5529034,-4.94466784,0.37667914,-1.236707332,-2.466350214,3.816344701,6.504203646,-11.90120258,1.946841027
16.17841101,3.202502182,-6.518909558,12.5740174,-1.332098058,-2.327268359,-4.793006863,7.865624346,-8.663247748,-3.611133069,-3.119906165,-3.759407996,-5.259442009,0.343484169,-1.211468232,-2.231449333,3.946675021,6.074010206,-11.76515132,2.044163329
15.93785118,3.223757498,-6.513164239,12.90422533,-1.375170932,-2.73584447,-4.735120267,7.887478124,-8.576008967,-4.037858734,-2.90833329,-3.877400517,-5.543490024,0.195813926,-1.310901022,-2.35235817,4.165492442,5.938388563,-11.45884497,1.480266156
15.91198028,3.008896819,-6.600967469,13.25341556,-1.514097356,-3.182556217,-4.375902771,7.681605145,-8.080591371,-4.243115792,-2.469517551,-3.977577544,-5.776175959,0.176539753,-1.634268479,-2.900216629,4.500070829,5.846552718,-11.39001744,0.768198396
15.95792324,2.68789646,-6.715700557,13.52632461,-1.627825605,-3.290181497,-4.045176753,7.451176179,-7.151021454,-4.161308229,-2.220877371,-4.12536802,-5.759225831,0.148875344,-1.876062786,-3.676971263,4.831303455,5.571276889,-11.52165414,0.371849468
15.89820028,2.496731975,-6.664872699,13.72867392,-1.541855605,-3.169728024,-4.120866694,7.402529286,-6.471563232,-4.141132622,-2.236532744,-4.322810682,-5.509241393,0.065428614,-1.941817743,-4.194729056,4.749617481,5.438089298,-11.37445756,0.088917273
15.73807187,2.4084354,-6.509521355,13.94111459,-1.368370399,-3.403090023,-4.472408173,7.501150809,-6.270249362,-4.187174515,-2.165551369,-4.479883483,-5.525020454,0.283248768,-2.152046495,-4.281892821,4.488908345,5.515007438,-10.98149709,-0.087849261
15.58745843,2.432799254,-6.431116273,14.00612709,-1.264034195,-3.769743987,-4.886661137,7.57766998,-6.29883599,-4.16068262,-2.137189584,-4.667228332,-5.835082001,0.797552879,-2.469350574,-4.075665528,4.298018362,5.680292284,-10.60620586,-0.064546352
15.4668134,2.552209926,-6.512477879,13.7904436,-1.231669941,-3.835092872,-5.212400595,7.639363945,-6.344354086,-4.080978212,-2.37412574,-4.809413379,-6.283934009,1.331201032,-2.604895754,-3.782064961,4.263711848,5.951404457,-10.42904717,0.047968198
15.294102,2.637816276,-6.679837369,13.33367664,-1.243147183,-3.512926125,-5.391643905,7.778610289,-6.294963963,-4.044922089,-2.762299068,-4.797463236,-6.629897159,1.720047152,-2.415385836,-3.618742155,4.391539745,6.273370072,-10.55714962,0.026342559
15.00800325,2.599919322,-6.733268995,13.01763603,-1.290160154,-3.258861894,-5.473322958,8.099106986,-6.165351491,-4.061917651,-3.043675868,-4.660937249,-6.618775011,1.879633811,-2.011522276,-3.515642984,4.631921626,6.37044938,-10.8495918,-0.14030433
14.75753048,2.401205568,-6.647019445,13.13733037,-1.312257159,-3.577358331,-5.475884769,8.555702494,-6.108776051,-3.912382692,-3.110343069,-4.568264413,-6.266424975,1.647480071,-1.661139547,-3.203616417,4.887609296,6.048660152,-11.0167639,-0.238538058
14.84661867,2.021257174,-6.601509181,13.52489652,-1.37182911,-4.420256959,-5.505477538,8.958246213,-6.324868523,-3.407874225,-2.947152267,-4.581483249,-5.818697893,0.995101175,-1.642768572,-2.740785345,4.913738043,5.522883825,-10.94813849,-0.158775906
15.20097678,1.513162059,-6.439803153,13.92081505,-1.769169538,-5.15944413,-5.660494476,9.342522325,-6.75810972,-2.966382537,-2.851687982,-4.486075882,-5.52897167,0.156984843,-1.761640479,-2.578771879,4.512577378,5.153212325,-10.75797035,-0.039297607
15.40189191,1.119611146,-6.189053095,14.13638649,-2.03417783,-5.262812183,-5.77441397,9.713561861,-6.923020631,-3.059088254,-3.1076606,-4.24381794,-5.441315015,-0.33790988,-1.490970735,-2.854350201,4.058701951,5.125813508,-10.67047844,0.228896137
15.59076134,0.948507947,-6.177119769,14.10048457,-1.74686264,-5.131904398,-5.539904035,9.738743581,-6.767029683,-3.125095094,-3.468040616,-3.99845457,-5.359424424,-0.18513543,-1.077886126,-3.336664559,3.781331263,5.340421485,-10.63852836,0.632685795
15.9204403,0.925643419,-6.262461694,13.75027472,-1.305862318,-4.683326176,-5.086771954,9.354508586,-6.482835239,-2.939372907,-3.837959089,-3.936661103,-5.203690221,0.353536684,-0.725666045,-3.977013362,3.662246725,5.881614775,-10.61382093,0.980139102
16.22167516,0.821453812,-6.20471869,13.18664528,-1.062003825,-3.813691326,-4.677999061,8.746403166,-6.135088085,-2.450313427,-3.988896021,-3.973690104,-4.793078149,0.816998117,-0.600075484,-4.53813712,3.738217398,6.772409912,-10.72721823,1.319915419
16.24337625,0.511406895,-5.967761805,12.80903493,-1.058267408,-3.21615016,-4.223109685,8.249579129,-6.06598209,-1.873644732,-3.632953566,-3.769106058,-4.234615226,1.124621756,-0.868054838,-4.542459079,3.544658037,7.204073925,-10.97948179,1.640977624
16.10216346,0.661919329,-5.930175859,12.74180971,-1.191776167,-3.566343047,-3.748315482,8.484775659,-6.405466945,-1.749434667,-3.205551174,-3.332881157,-4.216707623,1.448525743,-1.288731705,-4.336601412,3.362666693,6.967494545,-11.02518082,1.345526828
16.08190076,0.853573325,-6.068483895,12.68934785,-1.628748617,-3.545272292,-3.793701074,8.960468957,-6.705554172,-1.910380796,-2.953354807,-3.321677024,-4.27042134,1.407998352,-1.602498842,-4.215284455,3.497528753,6.541330555,-10.56744394,0.70012199
15.90527293,0.66423316,-5.856632215,12.78195163,-2.243050542,-3.048500058,-4.207854523,9.197630466,-6.674736802,-2.294836421,-2.663940156,-3.601241836,-4.337447786,1.322143724,-1.735858591,-3.91330905,3.378238631,5.755132215,-10.02661755,0.769718201
15.41640592,0.615861493,-5.264766404,13.6237751,-2.592076375,-3.267209986,-4.387967954,9.475896294,-6.32513157,-2.570740482,-2.391495835,-3.435818368,-4.828577024,0.956952177,-1.76816831,-3.56955807,3.631910637,5.162881732,-9.96866832,1.194350604
15.15021324,0.622816109,-4.629541476,14.17068536,-2.736649601,-3.028875653,-4.03268548,9.126209489,-5.974997451,-2.631501949,-2.333147749,-3.714768524,-4.768932295,-0.11314004,-2.0418323,-3.575814095,3.177247691,5.05937945,-10.14242865,0.967852036
14.4693781,0.702206326,-4.127418797,13.93747326,-2.71323404,-2.475067152,-3.888148568,8.676149862,-6.061731471,-2.786993718,-2.45767022,-3.856601301,-5.086380138,-0.68794713,-2.147224721,-4.128757862,2.863107786,5.643725107,-10.10771502,0.528059659
13.90675318,0.611842335,-3.661432899,13.56694732,-2.577562214,-2.413276268,-4.182747239,8.757909256,-6.339714861,-3.214882774,-2.426668748,-3.541008808,-5.700176369,-0.404762768,-2.229489278,-4.523683309,2.839494597,6.062964475,-10.12345871,0.60894942
13.8782835,0.418297954,-3.102084607,13.76287009,-2.347006264,-2.543290587,-4.202678074,8.948741129,-6.515458622,-3.470211937,-2.402981228,-3.285550754,-6.231881621,-0.255419173,-2.407345838,-4.316917572,2.880861262,6.301215552,-9.993024336,0.594969795
13.9999127,0.394044291,-2.991153794,13.66809269,-1.851911815,-2.468976801,-3.795467694,8.863559787,-6.399360861,-3.317223891,-2.572885934,-3.175360935,-5.981981409,-0.662776137,-2.421316655,-3.875391068,2.983078976,6.675491256,-9.927993065,0.261471809
13.73120415,0.843079929,-3.128845487,13.28483829,-1.631906459,-2.738771627,-3.823089141,8.947371187,-6.70587036,-3.429816661,-2.149067774,-3.041231402,-5.361639975,-0.446145953,-2.11776536,-3.531391258,3.404004878,6.582325383,-10.08345581,0.390191032
13.56165415,2.192490517,-3.215920351,13.43139186,-1.007461843,-3.248684535,-4.059023304,8.710626148,-7.359223398,-3.506604482,-2.090691203,-3.274734742,-5.218877872,0.246408511,-1.930153514,-3.279137881,3.632396452,6.578056389,-9.990727717,0.381077805
14.15741807,3.41545273,-3.388135608,12.86108877,-0.283692253,-3.135112672,-3.993535195,8.344723632,-7.728395676,-3.549671308,-2.474394998,-3.56745379,-4.731720129,0.302504931,-1.667538606,-3.309167563,4.053379188,6.255362961,-10.11568373,0.400543429
15.03270721,3.756180531,-3.349189419,12.39045069,-0.811055374,-3.037602857,-3.524561446,8.100257608,-7.717116227,-3.301888817,-2.925953508,-3.599092727,-4.609761883,0.606958517,-1.427170975,-3.28248879,4.053473277,5.595674082,-10.49664226,0.225104667
